<?xml version="1.0" encoding="UTF-8"?>
<GenRun Id="impl_1" LaunchPart="xc7z020clg484-1" LaunchTime="1739156742">
  <File Type="ROUTE-RQS-RPT" Name="route_report_qor_suggestions_0.rpt"/>
  <File Type="POSTROUTE-PHYSOPT-RQS" Name="system_wrapper_postroute_physopted.rqs"/>
  <File Type="ROUTE-RQS" Name="system_wrapper_routed.rqs"/>
  <File Type="RBD_FILE" Name="system_wrapper.rbd"/>
  <File Type="NPI_FILE" Name="system_wrapper.npi"/>
  <File Type="RNPI_FILE" Name="system_wrapper.rnpi"/>
  <File Type="CFI_FILE" Name="system_wrapper.cfi"/>
  <File Type="RCFI_FILE" Name="system_wrapper.rcfi"/>
  <File Type="PL-PDI-FILE" Name="system_wrapper_pld.pdi"/>
  <File Type="BOOT-PDI-FILE" Name="system_wrapper_boot.pdi"/>
  <File Type="POSTROUTE-PHYSOPT-BLACKBOX-DCP" Name="system_wrapper_postroute_physopt_bb.dcp"/>
  <File Type="POSTROUTE-PHYSOPT-DCP" Name="system_wrapper_postroute_physopt.dcp"/>
  <File Type="PHYSOPT-DCP" Name="system_wrapper_physopt.dcp"/>
  <File Type="POSTPLACE-PWROPT-DCP" Name="system_wrapper_postplace_pwropt.dcp"/>
  <File Type="PWROPT-DCP" Name="system_wrapper_pwropt.dcp"/>
  <File Type="PLACE-DCP" Name="system_wrapper_placed.dcp"/>
  <File Type="OPT-DCP" Name="system_wrapper_opt.dcp"/>
  <File Type="ROUTE-TIMING-PB" Name="system_wrapper_timing_summary_routed.pb"/>
  <File Type="ROUTE-BLACKBOX-DCP" Name="system_wrapper_routed_bb.dcp"/>
  <File Type="ROUTE-ERROR-DCP" Name="system_wrapper_routed_error.dcp"/>
  <File Type="ROUTE-DCP" Name="system_wrapper_routed.dcp"/>
  <File Type="PLACE-PRE-SIMILARITY" Name="system_wrapper_incremental_reuse_pre_placed.rpt"/>
  <File Type="OPT-HWDEF" Name="system_wrapper.hwdef"/>
  <File Type="WBT-USG" Name="usage_statistics_webtalk.html"/>
  <File Type="BITSTR-LTX" Name="debug_nets.ltx"/>
  <File Type="BITSTR-LTX" Name="system_wrapper.ltx"/>
  <File Type="BITSTR-SYSDEF" Name="system_wrapper.sysdef"/>
  <File Type="BITSTR-MMI" Name="system_wrapper.mmi"/>
  <File Type="BITSTR-BMM" Name="system_wrapper_bd.bmm"/>
  <File Type="BITSTR-NKY" Name="system_wrapper.nky"/>
  <File Type="BITSTR-RBT" Name="system_wrapper.rbt"/>
  <File Type="POSTROUTE-PHYSOPT-RQS-RPT" Name="postroute_physopt_report_qor_suggestions_0.rpt"/>
  <File Type="BG-BIT" Name="system_wrapper.bit"/>
  <File Type="PDI-FILE" Name="system_wrapper.pdi"/>
  <File Type="RDI-RDI" Name="system_wrapper.vdi"/>
  <File Type="ROUTE-TIMINGSUMMARY" Name="system_wrapper_timing_summary_routed.rpt"/>
  <File Type="BG-BIN" Name="system_wrapper.bin"/>
  <File Type="PLACE-IO" Name="system_wrapper_io_placed.rpt"/>
  <File Type="OPT-DRC" Name="system_wrapper_drc_opted.rpt"/>
  <File Type="PLACE-CTRL" Name="system_wrapper_control_sets_placed.rpt"/>
  <File Type="ROUTE-METHODOLOGY-DRC" Name="system_wrapper_methodology_drc_routed.rpt"/>
  <File Type="PLACE-UTIL-PB" Name="system_wrapper_utilization_placed.pb"/>
  <File Type="ROUTE-TIMING-RPX" Name="system_wrapper_timing_summary_routed.rpx"/>
  <File Type="REPORTS-TCL" Name="system_wrapper_reports.tcl"/>
  <File Type="PA-TCL" Name="system_wrapper.tcl"/>
  <File Type="ROUTE-METHODOLOGY-DRC-PB" Name="system_wrapper_methodology_drc_routed.pb"/>
  <File Type="BG-BGN" Name="system_wrapper.bgn"/>
  <File Type="PLACE-UTIL" Name="system_wrapper_utilization_placed.rpt"/>
  <File Type="ROUTE-STATUS" Name="system_wrapper_route_status.rpt"/>
  <File Type="ROUTE-STATUS-PB" Name="system_wrapper_route_status.pb"/>
  <File Type="BG-DRC" Name="system_wrapper.drc"/>
  <File Type="ROUTE-PWR" Name="system_wrapper_power_routed.rpt"/>
  <File Type="ROUTE-PWR-RPX" Name="system_wrapper_power_routed.rpx"/>
  <File Type="ROUTE-PWR-SUM" Name="system_wrapper_power_summary_routed.pb"/>
  <File Type="ROUTE-DRC" Name="system_wrapper_drc_routed.rpt"/>
  <File Type="ROUTE-METHODOLOGY-DRC-RPX" Name="system_wrapper_methodology_drc_routed.rpx"/>
  <File Type="ROUTE-DRC-RPX" Name="system_wrapper_drc_routed.rpx"/>
  <File Type="ROUTE-DRC-PB" Name="system_wrapper_drc_routed.pb"/>
  <File Type="ROUTE-SIMILARITY" Name="system_wrapper_incremental_reuse_routed.rpt"/>
  <File Type="ROUTE-CLK" Name="system_wrapper_clock_utilization_routed.rpt"/>
  <File Type="ROUTE-BUS-SKEW" Name="system_wrapper_bus_skew_routed.rpt"/>
  <File Type="ROUTE-BUS-SKEW-RPX" Name="system_wrapper_bus_skew_routed.rpx"/>
  <File Type="ROUTE-BUS-SKEW-PB" Name="system_wrapper_bus_skew_routed.pb"/>
  <File Type="BITSTR-MSK" Name="system_wrapper.msk"/>
  <File Type="POSTROUTE-PHYSOPT-TIMING" Name="system_wrapper_timing_summary_postroute_physopted.rpt"/>
  <File Type="POSTROUTE-PHYSOPT-TIMING-RPX" Name="system_wrapper_timing_summary_postroute_physopted.rpx"/>
  <File Type="POSTROUTE-PHYSOPT-TIMING-PB" Name="system_wrapper_timing_summary_postroute_physopted.pb"/>
  <File Type="POSTROUTE-PHYSOPT-BUS-SKEW" Name="system_wrapper_bus_skew_postroute_physopted.rpt"/>
  <File Type="POSTROUTE-PHYSOPT-BUS-SKEW-RPX" Name="system_wrapper_bus_skew_postroute_physopted.rpx"/>
  <File Type="POSTROUTE-PHYSOPT-BUS-SKEW-PB" Name="system_wrapper_bus_skew_postroute_physopted.pb"/>
  <FileSet Name="sources" Type="DesignSrcs" RelSrcDir="$PSRCDIR/sources_1" RelGenDir="$PGENDIR/sources_1">
    <Filter Type="Srcs"/>
    <File Path="$PSRCDIR/sources_1/new/ClockDivider1.v">
      <FileInfo>
        <Attr Name="UsedIn" Val="synthesis"/>
        <Attr Name="UsedIn" Val="implementation"/>
        <Attr Name="UsedIn" Val="simulation"/>
      </FileInfo>
    </File>
    <File Path="$PSRCDIR/sources_1/bd/system/system.bd">
      <FileInfo>
        <Attr Name="UsedIn" Val="synthesis"/>
        <Attr Name="UsedIn" Val="implementation"/>
        <Attr Name="UsedIn" Val="simulation"/>
      </FileInfo>
    </File>
    <File Path="$PGENDIR/sources_1/bd/system/hdl/system_wrapper.v">
      <FileInfo>
        <Attr Name="UsedIn" Val="synthesis"/>
        <Attr Name="UsedIn" Val="implementation"/>
        <Attr Name="UsedIn" Val="simulation"/>
      </FileInfo>
    </File>
    <File Path="$PSRCDIR/sources_1/imports/cfg/cdce_100.mem">
      <FileInfo>
        <Attr Name="ImportPath" Val="$PPRDIR/../../../../OLD/eclypse-z7-notes/cfg/cdce_100.mem"/>
        <Attr Name="ImportTime" Val="1738045742"/>
        <Attr Name="UsedIn" Val="synthesis"/>
        <Attr Name="UsedIn" Val="simulation"/>
      </FileInfo>
    </File>
    <File Path="$PSRCDIR/sources_1/imports/cfg/cdce_122_88.mem">
      <FileInfo>
        <Attr Name="ImportPath" Val="$PPRDIR/../../../../OLD/eclypse-z7-notes/cfg/cdce_122_88.mem"/>
        <Attr Name="ImportTime" Val="1738045742"/>
        <Attr Name="UsedIn" Val="synthesis"/>
        <Attr Name="UsedIn" Val="simulation"/>
      </FileInfo>
    </File>
    <File Path="$PSRCDIR/sources_1/imports/cfg/dds.mem">
      <FileInfo>
        <Attr Name="ImportPath" Val="$PPRDIR/../../../../OLD/eclypse-z7-notes/cfg/dds.mem"/>
        <Attr Name="ImportTime" Val="1738045742"/>
        <Attr Name="UsedIn" Val="synthesis"/>
        <Attr Name="UsedIn" Val="simulation"/>
      </FileInfo>
    </File>
    <Config>
      <Option Name="DesignMode" Val="RTL"/>
      <Option Name="TopModule" Val="system_wrapper"/>
    </Config>
  </FileSet>
  <FileSet Name="constrs_in" Type="Constrs" RelSrcDir="$PSRCDIR/constrs_1" RelGenDir="$PGENDIR/constrs_1">
    <Filter Type="Constrs"/>
    <File Path="$PSRCDIR/constrs_1/imports/cfg/clocks.xdc">
      <FileInfo>
        <Attr Name="ImportPath" Val="$PPRDIR/../../../../OLD/eclypse-z7-notes/cfg/clocks.xdc"/>
        <Attr Name="ImportTime" Val="1738045742"/>
        <Attr Name="UsedIn" Val="synthesis"/>
        <Attr Name="UsedIn" Val="implementation"/>
      </FileInfo>
    </File>
    <File Path="$PSRCDIR/constrs_1/imports/cfg/ports.xdc">
      <FileInfo>
        <Attr Name="ImportPath" Val="$PPRDIR/../../../../OLD/eclypse-z7-notes/cfg/ports.xdc"/>
        <Attr Name="ImportTime" Val="1739155692"/>
        <Attr Name="UsedIn" Val="synthesis"/>
        <Attr Name="UsedIn" Val="implementation"/>
      </FileInfo>
    </File>
    <Config>
      <Option Name="ConstrsType" Val="XDC"/>
    </Config>
  </FileSet>
  <FileSet Name="utils" Type="Utils" RelSrcDir="$PSRCDIR/utils_1" RelGenDir="$PGENDIR/utils_1">
    <Filter Type="Utils"/>
    <File Path="$PSRCDIR/utils_1/imports/synth_1/system_wrapper.dcp">
      <FileInfo>
        <Attr Name="UsedIn" Val="synthesis"/>
        <Attr Name="UsedIn" Val="implementation"/>
        <Attr Name="UsedInSteps" Val="synth_1"/>
        <Attr Name="AutoDcp" Val="1"/>
      </FileInfo>
    </File>
    <Config>
      <Option Name="TopAutoSet" Val="TRUE"/>
    </Config>
  </FileSet>
  <Strategy Version="1" Minor="2">
    <StratHandle Name="Performance_ExploreWithRemap" Flow="Vivado Implementation 2024"/>
    <Step Id="init_design"/>
    <Step Id="opt_design">
      <Option Id="Directive">6</Option>
    </Step>
    <Step Id="power_opt_design"/>
    <Step Id="place_design">
      <Option Id="Directive">0</Option>
    </Step>
    <Step Id="post_place_power_opt_design"/>
    <Step Id="phys_opt_design">
      <Option Id="Directive">0</Option>
    </Step>
    <Step Id="route_design">
      <Option Id="Directive">1</Option>
      <Option Id="MoreOptsStr"><![CDATA[-tns_cleanup]]></Option>
    </Step>
    <Step Id="post_route_phys_opt_design" EnableStepBool="1">
      <Option Id="Directive">0</Option>
    </Step>
    <Step Id="write_bitstream"/>
    <Step Id="write_device_image"/>
  </Strategy>
</GenRun>
